-- phpMyAdmin SQL Dump
-- version 5.2.1
-- https://www.phpmyadmin.net/
--
-- Host: 127.0.0.1
-- Generation Time: Feb 23, 2025 at 02:18 PM
-- Server version: 10.4.32-MariaDB
-- PHP Version: 8.2.12

SET SQL_MODE = "NO_AUTO_VALUE_ON_ZERO";
START TRANSACTION;
SET time_zone = "+00:00";


/*!40101 SET @OLD_CHARACTER_SET_CLIENT=@@CHARACTER_SET_CLIENT */;
/*!40101 SET @OLD_CHARACTER_SET_RESULTS=@@CHARACTER_SET_RESULTS */;
/*!40101 SET @OLD_COLLATION_CONNECTION=@@COLLATION_CONNECTION */;
/*!40101 SET NAMES utf8mb4 */;

--
-- Database: `store`
--

-- --------------------------------------------------------

--
-- Table structure for table `brands`
--

CREATE TABLE `brands` (
  `brand_id` int(11) NOT NULL,
  `brand_name` varchar(255) NOT NULL,
  `brand_active` int(11) NOT NULL DEFAULT 0,
  `brand_status` int(11) NOT NULL DEFAULT 0
) ENGINE=InnoDB DEFAULT CHARSET=latin1 COLLATE=latin1_swedish_ci;

--
-- Dumping data for table `brands`
--

INSERT INTO `brands` (`brand_id`, `brand_name`, `brand_active`, `brand_status`) VALUES
(1, 'sky bag', 1, 1),
(2, 'Bukati', 1, 1),
(3, 'Wrong', 1, 1),
(4, 'Lavie', 1, 1),
(5, 'Half moon', 1, 1);

-- --------------------------------------------------------

--
-- Table structure for table `categories`
--

CREATE TABLE `categories` (
  `categories_id` int(11) NOT NULL,
  `categories_name` varchar(255) NOT NULL,
  `categories_active` int(11) NOT NULL DEFAULT 0,
  `categories_status` int(11) NOT NULL DEFAULT 0
) ENGINE=InnoDB DEFAULT CHARSET=latin1 COLLATE=latin1_swedish_ci;

--
-- Dumping data for table `categories`
--

INSERT INTO `categories` (`categories_id`, `categories_name`, `categories_active`, `categories_status`) VALUES
(1, 'school bags', 1, 1),
(2, 'Hand Bag', 1, 1);

-- --------------------------------------------------------

--
-- Table structure for table `orders`
--

CREATE TABLE `orders` (
  `order_id` int(11) NOT NULL,
  `order_date` date NOT NULL,
  `client_name` varchar(255) NOT NULL,
  `client_contact` varchar(255) NOT NULL,
  `sub_total` varchar(255) NOT NULL,
  `vat` varchar(255) NOT NULL,
  `total_amount` varchar(255) NOT NULL,
  `discount` varchar(255) NOT NULL,
  `grand_total` varchar(255) NOT NULL,
  `paid` varchar(255) NOT NULL,
  `due` varchar(255) NOT NULL,
  `payment_type` int(11) NOT NULL,
  `payment_status` int(11) NOT NULL,
  `payment_place` int(11) NOT NULL,
  `gstn` varchar(255) NOT NULL,
  `order_status` int(11) NOT NULL DEFAULT 0,
  `user_id` int(11) NOT NULL
) ENGINE=InnoDB DEFAULT CHARSET=latin1 COLLATE=latin1_swedish_ci;

--
-- Dumping data for table `orders`
--

INSERT INTO `orders` (`order_id`, `order_date`, `client_name`, `client_contact`, `sub_total`, `vat`, `total_amount`, `discount`, `grand_total`, `paid`, `due`, `payment_type`, `payment_status`, `payment_place`, `gstn`, `order_status`, `user_id`) VALUES
(1, '2025-02-23', 'Guvvala Venkat Reddy', '8309353563', '100.00', '18.00', '118.00', '10%', 'NaN', '10', 'NaN', 2, 1, 1, '18.00', 2, 1);

-- --------------------------------------------------------

--
-- Table structure for table `order_item`
--

CREATE TABLE `order_item` (
  `order_item_id` int(11) NOT NULL,
  `order_id` int(11) NOT NULL DEFAULT 0,
  `product_id` int(11) NOT NULL DEFAULT 0,
  `quantity` varchar(255) NOT NULL,
  `rate` varchar(255) NOT NULL,
  `total` varchar(255) NOT NULL,
  `order_item_status` int(11) NOT NULL DEFAULT 0
) ENGINE=InnoDB DEFAULT CHARSET=latin1 COLLATE=latin1_swedish_ci;

--
-- Dumping data for table `order_item`
--

INSERT INTO `order_item` (`order_item_id`, `order_id`, `product_id`, `quantity`, `rate`, `total`, `order_item_status`) VALUES
(1, 1, 1, '2', '100', '100.00', 2);

-- --------------------------------------------------------

--
-- Table structure for table `product`
--

CREATE TABLE `product` (
  `product_id` int(11) NOT NULL,
  `product_name` varchar(255) NOT NULL,
  `product_image` text NOT NULL,
  `brand_id` int(11) NOT NULL,
  `categories_id` int(11) NOT NULL,
  `quantity` varchar(255) NOT NULL,
  `rate` varchar(255) NOT NULL,
  `active` int(11) NOT NULL DEFAULT 0,
  `status` int(11) NOT NULL DEFAULT 0
) ENGINE=InnoDB DEFAULT CHARSET=latin1 COLLATE=latin1_swedish_ci;

--
-- Dumping data for table `product`
--

INSERT INTO `product` (`product_id`, `product_name`, `product_image`, `brand_id`, `categories_id`, `quantity`, `rate`, `active`, `status`) VALUES
(1, 'sky bag', '../assests/images/stock/137075692367bb1cada7b5f.jpg', 1, 1, '8', '100', 1, 1),
(2, 'half moon', '../assests/images/stock/60458078067bb1d1131312.jpg', 5, 1, '15', '500/-', 1, 1),
(3, 'hand bag', '../assests/images/stock/10506459367bb1d513b2bf.png', 4, 2, '2', '1900/-', 1, 1),
(4, 'Ladies Hand Bag', '../assests/images/stock/4570487067bb1d75db42e.png', 4, 2, '5', '999/-', 1, 1),
(5, 'wrong', '../assests/images/stock/74349048767bb1da73664c.jpg', 3, 1, '12', '1500/-', 1, 1);

-- --------------------------------------------------------

--
-- Table structure for table `users`
--

CREATE TABLE `users` (
  `user_id` int(11) NOT NULL,
  `username` varchar(255) NOT NULL,
  `password` varchar(255) NOT NULL,
  `email` varchar(255) NOT NULL
) ENGINE=InnoDB DEFAULT CHARSET=latin1 COLLATE=latin1_swedish_ci;

--
-- Dumping data for table `users`
--

INSERT INTO `users` (`user_id`, `username`, `password`, `email`) VALUES
(11, 'venky', '2b62ff37392387551c20c959f6c8f148', 'venky@gmail.com'),
(12, 'keerthi', '2ddcbc13dc54351538e3c048f04e1bdf', 'keerthi@gmail.com'),
(13, 'aaa', 'afe417d270a50345982213be5f9dc041', 'aaa@gmail.com'),
(14, 'bagsstore', '53396bb7270505e3ea45dd7d856ce7e9', 'bagsstore@gmail.com');

--
-- Indexes for dumped tables
--

--
-- Indexes for table `brands`
--
ALTER TABLE `brands`
  ADD PRIMARY KEY (`brand_id`);

--
-- Indexes for table `categories`
--
ALTER TABLE `categories`
  ADD PRIMARY KEY (`categories_id`);

--
-- Indexes for table `orders`
--
ALTER TABLE `orders`
  ADD PRIMARY KEY (`order_id`);

--
-- Indexes for table `order_item`
--
ALTER TABLE `order_item`
  ADD PRIMARY KEY (`order_item_id`);

--
-- Indexes for table `product`
--
ALTER TABLE `product`
  ADD PRIMARY KEY (`product_id`);

--
-- Indexes for table `users`
--
ALTER TABLE `users`
  ADD PRIMARY KEY (`user_id`);

--
-- AUTO_INCREMENT for dumped tables
--

--
-- AUTO_INCREMENT for table `brands`
--
ALTER TABLE `brands`
  MODIFY `brand_id` int(11) NOT NULL AUTO_INCREMENT, AUTO_INCREMENT=6;

--
-- AUTO_INCREMENT for table `categories`
--
ALTER TABLE `categories`
  MODIFY `categories_id` int(11) NOT NULL AUTO_INCREMENT, AUTO_INCREMENT=3;

--
-- AUTO_INCREMENT for table `orders`
--
ALTER TABLE `orders`
  MODIFY `order_id` int(11) NOT NULL AUTO_INCREMENT, AUTO_INCREMENT=2;

--
-- AUTO_INCREMENT for table `order_item`
--
ALTER TABLE `order_item`
  MODIFY `order_item_id` int(11) NOT NULL AUTO_INCREMENT, AUTO_INCREMENT=2;

--
-- AUTO_INCREMENT for table `product`
--
ALTER TABLE `product`
  MODIFY `product_id` int(11) NOT NULL AUTO_INCREMENT, AUTO_INCREMENT=6;

--
-- AUTO_INCREMENT for table `users`
--
ALTER TABLE `users`
  MODIFY `user_id` int(11) NOT NULL AUTO_INCREMENT, AUTO_INCREMENT=15;
COMMIT;

/*!40101 SET CHARACTER_SET_CLIENT=@OLD_CHARACTER_SET_CLIENT */;
/*!40101 SET CHARACTER_SET_RESULTS=@OLD_CHARACTER_SET_RESULTS */;
/*!40101 SET COLLATION_CONNECTION=@OLD_COLLATION_CONNECTION */;
